{"logit_scale_params":4.2641152631578953e-10,"_timestamp":1.7441049249817288e+09,"_runtime":91.912950254,"_step":80,"_wandb":{"runtime":93},"gb_params":2.1320576315789475e-06,"rest_params":4.2641152631578953e-10,"Prompt_params":2.1320576315789475e-06}