{"Prompt_params":1.5777063555934807e-07,"image_gb_params":1.5777063555934807e-07,"text_rest_params":3.155537191002105e-11,"logit_scale_params":3.155537191002105e-11,"_runtime":5.608856639,"_step":5,"text_gb_params":1.5777063555934807e-07,"image_rest_params":3.155537191002105e-11,"_timestamp":1.745936978578651e+09,"_wandb":{"runtime":6}}