{"rest_params":2.115242105263158e-11,"Prompt_params":1.0576210526315789e-07,"logit_scale_params":2.115242105263158e-11,"_timestamp":1.744191814674124e+09,"_runtime":5.714839082,"_step":3,"_wandb":{"runtime":6},"gb_params":1.0576210526315789e-07}